Wall time,Step,Value
1669299513.791978,1488,0.26035794615745544
