Wall time,Step,Value
1669298766.9877453,247,0.2874831259250641
1669298914.0597584,495,0.2568591237068176
1669299063.00826,743,0.25037917494773865
1669299216.336323,991,0.2537931501865387
1669299356.3721976,1239,0.3382572531700134
1669299496.1016982,1487,0.313864529132843
