Wall time,Step,Value
1669298766.987933,247,0.8931095600128174
1669298914.059961,495,0.9054770469665527
1669299063.0084696,743,0.8992933034896851
1669299216.3365893,991,0.9090105891227722
1669299356.3724124,1239,0.8957597017288208
1669299496.1018908,1487,0.8825088143348694
