Wall time,Step,Value
1669299513.7923276,1488,0.893645167350769
